{"cameraMode":{"drawMode":0,"name":"Shaded","section":"Shading Mode"},"sceneLighting":false,"audioPlay":false,"sceneViewState":{"showFog":true,"showMaterialUpdate":false,"showSkybox":true,"showFlares":true,"showImageEffects":true,"showParticleSystems":true},"in2DMode":false,"pivot":{"x":448.0030822753906,"y":169.18116760253907,"z":-14.1986083984375},"rotation":{"x":0.0248685535043478,"y":-0.006274790037423372,"z":-0.00015694643661845475,"w":-0.9996710419654846},"size":639.696044921875,"orthographic":false}